{
    "prosomaScale": {
        "x": 9.25,
        "y": 6.840000152587891,
        "z": 5.0
    },
    "prosomaRotation": {
        "x": -90.0,
        "y": 113.30000305175781,
        "z": 0.0
    },
    "abdomenScale": {
        "x": 3.3399999141693117,
        "y": 1.7200000286102296,
        "z": 1.600000023841858
    },
    "abdomenRotation": {
        "x": -90.0,
        "y": 90.0,
        "z": 0.0
    }
}