{
    "prosomaScale": {
        "x": 5.349999904632568,
        "y": 4.179999828338623,
        "z": 2.940000057220459
    },
    "prosomaRotation": {
        "x": -90.0,
        "y": 90.0,
        "z": 0.0
    },
    "abdomenScale": {
        "x": 3.3399999141693117,
        "y": 1.7200000286102296,
        "z": 1.600000023841858
    },
    "abdomenRotation": {
        "x": -90.0,
        "y": 90.0,
        "z": 0.0
    }
}